ages,biontech,astra,moderna,jj
[00;12),0,0,0,0
[12;18),1,0,0,0
[18;60),0.69125,0.12925,0.10925,0.07025
[60;oo),0.69125,0.12925,0.10925,0.07025
